,time_s,peak_mb
Naive (full load),0.48299367800018445,107.133055
xarray lazy + sel,0.18288607600015894,0.777736
xarray + Dask,2.0641508650001015,10.227829
xarray interp,1.0861038879997977,7.406544
